<application>
  <component name="ProjectManager">
    <defaultProject>
      <component name="ProjectCodeStyleConfiguration">
        <code_scheme name="Project" version="173">
          <Objective-C-extensions>
            <file>
              <option name="com.jetbrains.cidr.lang.util.OCDeclarationKind" value="Import" />
              <option name="com.jetbrains.cidr.lang.util.OCDeclarationKind" value="Macro" />
              <option name="com.jetbrains.cidr.lang.util.OCDeclarationKind" value="Typedef" />
              <option name="com.jetbrains.cidr.lang.util.OCDeclarationKind" value="Enum" />
              <option name="com.jetbrains.cidr.lang.util.OCDeclarationKind" value="Constant" />
              <option name="com.jetbrains.cidr.lang.util.OCDeclarationKind" value="Global" />
              <option name="com.jetbrains.cidr.lang.util.OCDeclarationKind" value="Struct" />
              <option name="com.jetbrains.cidr.lang.util.OCDeclarationKind" value="FunctionPredecl" />
              <option name="com.jetbrains.cidr.lang.util.OCDeclarationKind" value="Function" />
            </file>
            <class>
              <option name="com.jetbrains.cidr.lang.util.OCDeclarationKind" value="Property" />
              <option name="com.jetbrains.cidr.lang.util.OCDeclarationKind" value="Synthesize" />
              <option name="com.jetbrains.cidr.lang.util.OCDeclarationKind" value="InitMethod" />
              <option name="com.jetbrains.cidr.lang.util.OCDeclarationKind" value="StaticMethod" />
              <option name="com.jetbrains.cidr.lang.util.OCDeclarationKind" value="InstanceMethod" />
              <option name="com.jetbrains.cidr.lang.util.OCDeclarationKind" value="DeallocMethod" />
            </class>
            <extensions>
              <pair source="cpp" header="h" fileNamingConvention="NONE" />
              <pair source="c" header="h" fileNamingConvention="NONE" />
            </extensions>
          </Objective-C-extensions>
        </code_scheme>
      </component>
      <component name="ProjectInspectionProfilesVisibleTreeState">
        <entry key="Project Default">
          <profile-state>
            <expanded-state>
              <State />
              <State>
                <id>Android</id>
              </State>
              <State>
                <id>CorrectnessLintAndroid</id>
              </State>
              <State>
                <id>Java</id>
              </State>
              <State>
                <id>LintAndroid</id>
              </State>
              <State>
                <id>Manifest</id>
              </State>
              <State>
                <id>Probable bugsJava</id>
              </State>
            </expanded-state>
            <selected-state>
              <State>
                <id>Android</id>
              </State>
            </selected-state>
          </profile-state>
        </entry>
      </component>
      <component name="PropertiesComponent">
        <property name="android.project.structure.last.selected" value="SDK Location" />
        <property name="android.project.structure.proportion" value="0.15" />
        <property name="android.sdk.path" value="$USER_HOME$/Library/Android/sdk" />
        <property name="settings.editor.selected.configurable" value="reference.settingsdialog.project.gradle" />
      </component>
    </defaultProject>
  </component>
</application>