<keymap version="1" name="Emacs copy" parent="Emacs">
  <action id="ActivateProjectToolWindow">
    <keyboard-shortcut first-keystroke="alt 1" />
    <keyboard-shortcut first-keystroke="meta b" />
  </action>
  <action id="ChangesView.SetDefault" />
  <action id="CloseActiveTab">
    <keyboard-shortcut first-keystroke="shift ctrl f4" />
    <keyboard-shortcut first-keystroke="ctrl c" second-keystroke="k" />
  </action>
  <action id="CollapseSelection" />
  <action id="EditSource">
    <keyboard-shortcut first-keystroke="f4" />
    <keyboard-shortcut first-keystroke="ctrl c" second-keystroke="j" />
  </action>
  <action id="EditorBackSpace">
    <keyboard-shortcut first-keystroke="back_space" />
    <keyboard-shortcut first-keystroke="shift back_space" />
    <keyboard-shortcut first-keystroke="ctrl h" />
  </action>
  <action id="EditorChooseLookupItemDot" />
  <action id="EditorKillRingSave">
    <keyboard-shortcut first-keystroke="alt w" />
    <keyboard-shortcut first-keystroke="ctrl period" />
  </action>
  <action id="EditorSplitLine" />
  <action id="GotoDeclaration">
    <keyboard-shortcut first-keystroke="ctrl alt g" />
    <keyboard-shortcut first-keystroke="escape" second-keystroke="period" />
    <keyboard-shortcut first-keystroke="alt period" />
    <mouse-shortcut keystroke="meta button1" />
  </action>
  <action id="GotoSuperMethod" />
  <action id="NextSplitter">
    <keyboard-shortcut first-keystroke="ctrl x" second-keystroke="o" />
    <keyboard-shortcut first-keystroke="ctrl o" />
  </action>
  <action id="ReformatCode">
    <keyboard-shortcut first-keystroke="meta alt l" />
  </action>
  <action id="TypeHierarchy" />
  <action id="android.deploy.ApplyChanges">
    <keyboard-shortcut first-keystroke="ctrl meta r" />
  </action>
  <action id="android.deploy.CodeSwap">
    <keyboard-shortcut first-keystroke="shift ctrl meta r" />
  </action>
  <action id="intellij.mark.ExchangePointAndMarkAction">
    <keyboard-shortcut first-keystroke="ctrl u" second-keystroke="space" />
  </action>
  <action id="intellij.mark.SetMarkAction">
    <keyboard-shortcut first-keystroke="ctrl u" second-keystroke="ctrl u" />
  </action>
</keymap>